,Comp1,Comp2,Followers,Names,Gaussian,Spectral,Agglomerative,KMeans,Descriptions
0,0.635734960577,-0.292212716328,19315.0,Justin Sink,2,0,0,2,I write about the White House for Bloomberg @business and tweet about Philly sports. E-mail me at jsink1 at bloomberg dot net.
1,-0.828878507829,0.142423305628,221327.0,Howard Fineman,1,2,2,1,"https://t.co/Z73is4fJ3x|NBC/MSNBC|Author, The Thirteen American Arguments|Prof, @Penn|Consultant, PresidentShow|Kornheiser @ThisShowStinks| email:howard@finemanmedia.com"
2,-1.54250990481,0.73264715106,2176919.0,Michelle Malkin,1,2,1,1,Little brown woman. Big mouth. Wife. Mom. Entrepreneur. Geek. #ManitouIncline addict. Host of #michellemalkininvestigates on CRTV. #freedanielholtzclaw
3,0.117041959312,-0.0711339495598,15291.0,Paul Singer,2,0,0,2,Investigations editor at @NECIRBU and @WGBH. I am NOT the billionaire Paul Singer. paul_singer@wgbh.org
4,-0.958535824018,0.33009197225,169070.0,Peggy Noonan,1,2,2,1,"WSJ columnist and author of nine books on US politics and culture. Most recent: The Time of Our Lives. Pulitzer Prize for commentary, 2017."
5,-0.723892592663,0.104380659507,14135.0,David Shepardson,2,2,2,2,"@Reuters reporter covering transportation, autos @fcc infrastructure Former @DetroitNews Michigan native. Father of three, husband, would-be basketball player"
6,-0.27455498345,-0.533868890628,1806.0,Susan Joan Archer,2,2,2,2,Journalist | Producer | Videographer - @nbcnews The one and only Archer!
7,1.40152626228,0.743299247038,54663.0,Susan Page,0,0,0,0,"Washington Bureau Chief/USA Today. Veteran of 10 presidential campaigns. Now covering my sixth president. 
(Still trying to get it right.) FB
@susanpageusatoday"
8,-0.540607563228,-0.383446656781,11926.0,Alex Leary,2,2,2,2,Washington Bureau Chief - Tampa Bay Times leary@tampabay.com
9,-0.101942750733,0.0519455747243,187740.0,John Harwood,2,0,2,2,"a Dad who covers Washington, the economy and national politics for CNBC. Find my Speakeasy interviews at https://t.co/1W6sZssXTB"
10,1.38585308655,0.65571425673,45605.0,john r stanton,0,0,0,0,"senior national correspondent & former DC bureau chief for BuzzFeed, former @GUPolitics fellow, and former bar bouncer. all around DC bama"
11,-1.57697980549,-0.15845249462,6874.0,E!!,1,2,1,1,"Managing Ed @TheNVIndy. Chief Word Officer @ E Thompson Media. Panelist @KUNVradio. You may have seen me on @VegasPBS, @News3LV & @KTNV. Free thinker."
12,-1.23222512531,-0.230687199902,12952.0,Michael Roston,1,2,1,1,"Senior staff editor for Science, The New York Times. Star of the second screen."
13,1.07135222598,0.22677988907,25948.0,Scott Wong,0,0,0,0,"Senior staff writer @TheHill covering House Republicans. @Politico & @AZCentral alum, @UCLA Bruin, Bay Area born and raised. swong@thehill.com"
14,1.13407413864,0.614837489612,53625.0,Amy Chozick,0,0,0,0,"NYT writer-at-large. EW said my book CHASING HILLARY (out 4/24) reads ""like a rapidly paced political novel."" Pre-order here: https://t.co/XuSpEN85lt"
15,-2.5675046506,0.225595342912,3078777.0,Arianna Huffington,1,2,1,1,"mother, sister, flat shoe advocate, sleep evangelist, HuffPost founder, and founder and CEO of Thrive Global. https://t.co/XBvEJV1Wbq"
16,0.753034130637,-0.3567439026,14678.0,Kevin Robillard,2,0,0,2,"I report on Senate, governor and House races for @POLITICO. Massachusetts native. Maryland Terrapin. I'm more interested than angry.703-341-4659."
17,-0.215883690014,0.195690969532,20503.0,Juana Summers Markland,2,2,2,2,@cnnpolitics senior writer covering federal agencies  // competitive pinball player // craft beer nerd // Missouri is home // tips: juana.summers@cnn.com
18,-1.82727298529,0.447728639564,66494.0,Paul Lewis,1,2,1,1,The Guardian US West Coast Bureau Chief. Previously Washington Correspondent and Special Projects Editor in London.
19,1.17273557357,0.424092541782,35650.0,michaelscherer,0,0,0,0,"Washington Post national political reporter, etc."
20,-1.2890264682,-0.208840357431,4287.0,Josh Hafner,1,2,1,1,"Writer for @USATODAY. Christ-haunted. Published in @DMRegister, @MidwestLiving, @Politico et al. ""Be joyful though you have considered all the facts."""
21,-2.53430566525,0.244765866904,3528001.0,Sean Hannity,1,2,1,1,"TV Host Fox News Channel 9 PM EST. Nationally Syndicated Radio Host 3-6 PM EST. https://t.co/z23FRgA02S Retweets, Follows NOT endorsements! Due to hackings, no DM‚Äôs!"
22,1.46026397324,-1.09326710945,1421.0,SarahBakerNBC,0,0,0,0,NBC political producer former ABC and CNN news nut
23,0.728925025007,0.42918227358,25295.0,Maeve Reston,0,0,0,0,CNN National Political Reporter and @LATimes alum.
24,-0.895239198218,-0.405934076526,4530.0,Patricia DiCarlo,1,2,2,1,"Executive Producer, CNN Investigations"
25,1.10914322073,0.80412710911,64226.0,Ron Fournier,0,0,0,0,Publisher/Editor @CrainsDetroit. Author NYT best-seller #LoveThatBoy https://t.co/09CdTNkI6A Board member: @AutismAlliance @UDMDetroit
26,-2.50432615254,0.0839236026434,578783.0,MATT DRUDGE,1,2,1,1,
27,-0.438293238587,0.305102404916,122609.0,Max Fisher,2,0,2,2,"Editor and writer @nytimes for The Interpreter, a column exploring the ideas and context behind major world events."
28,1.7736262183,0.531039558327,56783.0,Michael D. Shear,0,0,0,0,White House Correspondent The New York Times
29,1.17219754317,0.720217432427,90720.0,Christina Wilkie,0,0,0,0,"Covering the White House for @CNBC.com Alum @HuffPost @TheHill RTs‚â†endorsements, opinions my own. christina.wilkie@nbcuni.com Cell & Signal 202-286-6875"
30,0.521971978533,0.427903185999,45036.0,Roger Simon,0,0,0,0,"Sometimes in error, but never in doubt."
31,1.07694450473,0.527330838199,48586.0,Frank Thorp V,0,0,0,0,Producer & Off-Air Reporter covering Congress at @NBCNews. Instagram: (frankthorpv) Snapchat: (frankthorp) Also served as Chairman of the RTCA Exec. Committee.
32,1.59926217215,1.05661700601,414501.0,Mike Allen,0,0,0,0,"co-founder of Axios, the next great media company; co-founder of Politico"
33,-0.304775326193,-0.508640824435,2833.0,Madeline Marshall,2,2,2,2,@WSJ video journalist | DC sports fan | beer nerd | #BikeDC | Future space traveler |  madeline.marshall@wsj.com
34,-0.979872726873,0.344245103815,174877.0,HowardKurtz,1,2,2,1,"Media guy, Fox News host and commentator, author, ex-ink-stained wretch"
35,-0.0181730666317,-0.0877139179997,18207.0,Mike O'Brien,2,0,2,2,public affairs for the equipment manufacturing industry. views here are my own. #goblue
36,0.461642750469,-0.838925850648,7126.0,Michael McAuliff,2,0,0,2,"Congressional reporter ex-HuffPost, NYDN, ABCNews.
michaelgmcauliff @ https://t.co/N8GNSmiLuw"
37,-0.88592993085,-0.334913809814,3518.0,Steve Contorno,1,2,2,1,"Reporter for @TB_Times covering #HillsboroughFL govt, politics, people. Upon my death all of my belongings shall transfer to the man or animal who has killed me"
38,-1.47723623454,-0.187728835233,6415.0,Chris Suellentrop,1,2,1,1,"Senior editor @PoliticoMag. Used to be the Gene Siskel of video games. Alum: NYT mag & op-ed, Slate, Yahoo. Here: politics, games, KC sports"
39,1.7160303234,0.360519578316,40621.0,Anna Palmer,0,0,0,0,"POLITICO Playbook co-author & senior Washington correspondent. N.D. native, St. Olaf Ole, food adventurer"
40,0.681707227071,-0.855219418486,6199.0,Jonathan Strong,2,0,0,2,Managing partner at Legis
41,-0.0131420084386,-0.709451217712,1924.0,Tom Curry,2,0,2,2,Former staff writer at CQ/Roll Call: I wrote profiles of members of Congress.
42,-0.296298160429,0.606838812633,90509.0,John Berman,2,2,2,2,Lame duck anchor of @CNNnewsroom w/ Poppy Harlow.   Can bench more than Cuomo.
43,-1.68332589336,0.345070467496,148261.0,Jamie Dupree,1,2,1,1,"I cover Congress & DC for WSB Atlanta, WDBO Orlando, WOKV Jacksonville, WHIO Dayton, KRMG Tulsa.  Foul language gets you blocked/muted.  No 280 character tweets"
44,-0.484625384126,0.0823124845647,19675.0,Adam Smith,2,2,2,2,"Tampa Bay Times political editor, dad, mutt owner. I retweet what's interesting, not necessarily what agree with. asmith@tampabay.com"
45,0.0152841354649,0.535527648975,57753.0,Matt Lewis,2,0,0,2,Senior Columnist for @TheDailyBeast. Political Commentator @CNN.
46,-2.64579203875,0.155074496943,1945842.0,Ann Coulter,1,2,1,1,Author - follow me on #Facebook! https://t.co/i7VTQ5btPI
47,1.03068030825,0.152154199588,19679.0,Steven Shepard,0,0,0,0,@politico chief polling analyst. I can't make small talk about the weather.
48,0.88766747986,0.833313695974,88810.0,Jon Ralston,0,0,0,0,"Editor, The Nevada Independent. Your State. Your News. Your Voice.
https://t.co/OX9zmuM4RJ
ralston@thenvindy.com"
49,0.860408693655,-0.903587444935,3689.0,Caroline Horn,2,0,0,2,Washington Senior Producer for the @CBSEveningNews
50,-0.656055119151,0.620283340582,66423.0,Bill Keller,1,2,2,1,"Editor-in-chief, The Marshall Project, a non-profit newsroom covering crime and punishment in America @marshallproj"
51,0.30016585787,-0.396938634435,6903.0,Michelle Jaconi üí•,2,0,2,2,"I root for mankind, thus I am bad at Twitter. Executive Producer, Creative Video @washingtonpost. I was in Vanity Fair once; the caption read ""conference room."""
52,-0.584040994563,-0.178273268593,16044.0,James Bennet,2,2,2,2,"editorial page editor, The New York Times"
53,1.12521373571,-0.816674131155,8107.0,Russell Berman,0,0,0,0,"Staff writer at The Atlantic, covering all things politics. 
Send tips/spin/spam to rberman@theatlantic.com. Emeritus of @thehill, @aolnews, @nysun"
54,2.60803894029,0.98068567229,73687.0,Aaron Blake,0,0,0,0,"Senior political reporter, writing for The Fix at The Washington Post. aaron.blake@washpost.com"
55,2.88021885766,0.914229323982,98226.0,Dan Balz,0,0,0,0,Husband. Father. Political Reporter @washingtonpost. Occasional author. Infrequent tweeter.
56,-0.630064230642,-0.0563438759727,28171.0,Jeffrey Young,2,2,2,2,"Senior reporter for @HuffPost. Ex- @thehill and @business. 
Stop yelling at everyone on here, people."
57,-0.470453006766,-0.536828287201,2134.0,Joe McQuaid,2,2,2,2,"grandpa, newsman, former golfer."
58,-0.0487090781239,-0.316185035866,10765.0,David S. Joachim,2,0,2,2,"Everyone needs an editor | Financial investigations, Bloomberg | Ex-""failing"" NYT | @SyracuseComm student | Opinions my own, because whose would they be?"
59,-0.842800755118,-0.445832932602,7508.0,O. Kay Henderson,2,2,2,2,"News Director of Radio Iowa, a radio news network with headquarters in Des Moines, IA. With the network from Day One (1987). Covering politics forever."
60,-1.25247606585,0.416485270157,38215.0,Julie Bosman,1,2,1,1,"Reporter, storyteller. Covering the Midwest for the National desk of the New York Times. Tweets about Midwestern things, especially the Cubs."
61,1.14401617868,0.0243910045447,24969.0,Ken Thomas,0,0,0,0,White House reporter for The Associated Press (@ap). Optimistic Mets' fan. Hoya Saxa! RTs/links‚â†endorsements. Email: kthomas@ap.org.
62,1.21190538423,0.613744567894,101193.0,Matt Fuller,0,0,0,0,Congress and stuff for HuffPost. Take these tweets seriously but not literally. Send me your death threats: matt.fuller@huffpost.com
63,1.3853916353,0.0899780209173,27378.0,Reid J. Epstein,0,0,0,0,Politics reporter for The Wall Street Journal. This account is dormant. reid.epstein@wsj.com
64,0.861711178394,-0.961489117109,3344.0,Reid Cherlin,2,0,0,2,Supervising Writer at VICE News Tonight / VICE on HBO
65,0.405937525502,0.620911966821,24232.0,Shawna Thomas,2,0,0,2,"@ViceNews DC Bureau Chief. Occasional VICE News Tonight on @HBO correspondent. (Fmr. #MTP Sr. Prod. Links, likes, RTs aren't endorsements. JFGI. TV isn't magic."
66,-1.29866070422,-0.0757062481865,11740.0,Steve Bousquet,1,2,2,1,"Tallahassee bureau chief, Tampa Bay Times; former reporter for The Miami Herald and WPLG Miami; student of Florida history and politics. RTs not endorsements."
67,-0.532923440471,0.00172193523485,37068.0,Steve Benen,2,2,2,2,"Producer for The Rachel Maddow Show, blogger at MaddowBlog, and MSNBC contributor"
68,0.0218701753569,-0.298376993569,18203.0,Kyle Kondik,2,0,0,2,"Managing Editor, Sabato's Crystal Ball, UVA Center for Politics. Author of The Bellwether: Why Ohio Picks the President (Ohio U Press)"
69,1.76729607552,0.317316588338,49792.0,John Bresnahan,0,0,0,0,"Capitol bureau chief for Politico. If you don't like the New York Yankees, there's something wrong with you. Email is jbresnahan@politico.com"
70,1.67885012014,0.136031243054,41054.0,Paul Kane,0,0,0,0,"Washington Post congressional reporter, devotee of Philly sports, Springsteen and all things UD Fightin' Blue Hens."
71,0.515709142884,1.12258169093,100288.0,Jessica Yellin,0,0,0,0,"Instagram: @JSYellin                          EIR Alpha Edison, Los Angeles. USC Annenberg CCLP. Alum CNN, ABC, WTVT-Tampa, MSNBC, CFN-13"
72,-1.00307108525,-0.348889130009,869.0,Mark Benjamin,1,2,2,1,Partner at Naretiv LLC
73,-0.315407210855,-0.531653036752,1960.0,Alicia M. Cohn,2,2,2,2,Associate editor @TheHill. Coloradan at heart. Politics + beer + hiking + movies + mental health issues. RTs & sarcastic comments ‚â† endorsement.
74,0.60688631972,0.523301667437,187071.0,Major Garrett,0,0,0,0,"Chief WH Correspondent CBS News host of @TakeoutPodcast author ""The Enduring Revolution"" San Diego native @Mizzou grad @Padres @MUTigers Instagram @majorcbs"
75,-0.579298681916,0.375422727594,213294.0,Ryan Lizza,2,2,2,2,@CNN Political Analyst
76,-0.25131382639,-0.281980758622,10935.0,Melinda Henneberger,2,2,2,2,"@KCStar editorial columnist. Monthly column @USATODAY. Past: @NYTimes, @WashingtonPost, @DallasNews. IL native, @NotreDame grad, @UCLouvain_be post-grad, @Cubs!"
77,-0.521600564194,0.0834586889437,157731.0,Ben Jacobs,2,2,2,2,Political reporter for The Guardian.  Ben.Jacobs@theguardian.com
78,1.74797746358,0.709475944247,54720.0,Josh Kraushaar,0,0,0,0,"Politics Editor at National Journal. Political reporting & analysis, without fear or favor. Part political tip sheet, part BS detector. RTs aren't endorsements."
79,-2.30186671519,0.164457986692,952802.0,Glenn Greenwald,1,2,1,1,"Journalist with @TheIntercept - author, No Place to Hide - dog/animal fanatic - HOPE Shelter (https://t.co/LVTWZcVseC)"
80,0.427505488067,-0.114156675836,17503.0,Jordan Fabian,2,0,0,2,White House correspondent @thehill. D.C. sports nut. Email me jfabian@thehill.com
81,0.536409148158,-0.729522750521,2030.0,Katie Smith Allen,2,0,0,2,"Digital managing editor, @NRECANews. Previously @USATODAY & @rollcall. #PetworthDC resident."
82,-0.934453495116,0.119622926504,361659.0,Sam Stein,1,2,2,1,"Daily Beast/MSNBC  
newsletter: https://t.co/DVURxntWdL Email: steindailybeast [at] https://t.co/N8GNSmiLuw or samsteintdb [at] https://t.co/LpPvQHdIi0 or DM"
83,1.18397247519,0.736645844731,75281.0,Abby D. Phillip,0,0,0,0,"@CNN White House Correspondent, former @washingtonpost @abcnews @politico. Recovering road warrior. Tips, kind notes: Abby.Phillip@cnn.com"
84,-1.07475439478,-0.32966591755,8138.0,Bob Cohn,1,2,2,1,"President, The Atlantic ‚Ä¢ Former edit guy: Atlantic Digital, Wired, Industry Standard, Newsweek"
85,-0.388701187227,-0.453284774833,7112.0,Patricia Murphy,2,2,2,2,"I cover national politics, Southern culture, & sometimes both at once. @RollCall, @TheDailyBeast, @gardenandgun, etc, but  5 y.o. twins are my heart."
86,-0.052192731723,-0.351576463029,13242.0,Steven Portnoy,2,0,2,2,Covering the White House for @CBSNews on the @CBSNewsRadio Network. Legal wonk. History buff. Broadcaster.
87,-0.905345027073,0.126342421002,320902.0,Dana Bash,1,2,2,1,"Chief Political Correspondent, CNN"
88,-1.80706967034,-0.206949489348,7539.0,Nicholas Jackson,1,2,1,1,"Editor-in-chief, @PacificStand. IALJS. IMSA & NU/Medill alum. Prev. Outside, Atlantic, Atlas Obscura, Slate, Texas Monthly, Encyclopaedia Britannica."
89,0.554479987661,0.416529957268,145476.0,Manu Raju,0,0,0,0,"Senior Congressional Correspondent, @CNN. Prowling the Capitol halls, covering the Hill and politics. Die-hard Chicago sports fan. Wisconsin Badger for life."
90,1.10663661032,0.504371489844,68107.0,Julie Davis,0,0,0,0,"Covering the White House for The New York Times. Political analyst, CNN. RTs mean üëÄ not üëçüèºjulie.davis@nytimes.com"
91,-0.951477381632,0.463175381833,1162267.0,Terry Moran,1,2,2,1,"Chief Foreign Correspondent, ABC News."
92,0.257990532124,0.617392266623,36508.0,Michael Falcone,2,0,0,2,"Executive Producer of @postlive, the live journalism platform of @washingtonpost"
93,0.681036812797,0.437082728758,109582.0,Dave Wasserman,0,0,0,0,"U.S. House editor of the nonpartisan @CookPolitical Report & @FiveThirtyEight/@NBCNews contributor. Nerd for maps, data & bluegrass https://t.co/JLrEul4FSG"
94,-1.57795878771,-0.21962889149,9707.0,Megan Carpentier,1,2,1,1,"@NBCNewsTHINK editor. Pitches: think@nbcuni.com Ex-@Mic, @USNewsOpinion, @Tribune, @GuardianUS, @RawStory, @TPM, @Jezebel. Font of opinions, all my own."
95,0.70950731848,-0.397872053108,15949.0,Andrew Rafferty,2,0,0,2,Covering politics for @NBCNews. Fmr. Campaign embed. Links & retweets aren't endorsements. Opinions are my own.
96,0.329259780172,0.730592980616,40435.0,Marc Ambinder,0,0,0,2,@TheWeek | Former White House correspondent | next book: ‚ÄúThe Brink‚Äù | Adjunct at @USCAnnenberg teaching national security reporting. Signal: +3238860740
97,-1.44302092081,-0.241294854632,2878.0,lucy morgan,1,2,2,1,"Retired Correspondent Tampa Bay Times, fka St Petersburg Times, former Capital Bureau Chief"
98,-1.27638983692,0.831515666438,1193439.0,Bret Baier,1,2,1,1,Bret Baier:Chief Political Anchor @FoxNews. Anchor & Executive Editor of @SpecialReport. NYT bestselling author. #ThreeDaysinJanuary book available now.
99,-1.62609898731,0.112825499028,22387.0,Nick Valencia,1,2,1,1,Correspondent. @USCAnnenberg Alum. @NAHJ. @ATLPressClub 2x nominated TV Reporter of the Year. 3x Peabody winner @CNN. #EagleRock's finest.
100,1.48936651976,0.415820146899,130712.0,Karen Tumulty,0,0,0,0,"Trying to adapt. Also, political columnist for the Washington Post."
101,-1.39415761798,0.516320180431,545997.0,Jim Acosta,1,2,1,1,CNN's Chief White House Correspondent.  I believe in #realnews.
102,0.482746947205,-0.468145407947,9794.0,Arlette Saenz,2,0,0,2,ABC News White House Reporter/Producer. Texas born and raised. Notre Dame grad. Go Irish!
103,-0.874940122097,-0.391094019103,7712.0,George Bennett,1,2,2,1,"Political reporter and blogger for The Palm Beach Post. Tweetin' old-school, below 140 characters -- unless I go over."
104,-1.86463522266,-0.123782129114,10144.0,Matt Stiles,1,2,1,1,"Data journalist in Seoul. News: @latimes. Nerd: https://t.co/3o2m3RuOQi. I might consume more ÍπÄÏπò (and data) than you. Ex: @wsj, @NPR, @TexasTribune."
105,0.901167457032,0.493806933231,124281.0,amy walter,0,0,0,0,"National Editor, Cook Political Report; cycling enthusiast; lover of all things summer"
106,1.21027071221,-0.960122229525,8510.0,Scott Bland,0,0,0,0,"Editor of @politico's Campaign Pro and host of the Nerdcast. Covering elections, campaign finance, polling, and more. EMAIL: sbland at politico dot com"
107,-1.70441464238,-0.0511249918053,16285.0,Steve Sebelius,1,2,1,1,"I'm a journalist, the political analyst for Las Vegas's @CBS affiliate, @8NewsNow, and co-host of the weekly show PoliticsNOW. Email: SteveSebelius@gmail.com"
108,0.312966416424,-0.566311464775,16830.0,Dan Eggen,2,0,0,2,"WaPo White House editor. Previously covered money & politics, WH, DOJ/natsec/9-11. @mndailynews alum. RTs not endorsements. Luckily married to @StephArmour1."
109,1.38693600748,0.250645990896,24576.0,Shira T. Center,0,0,0,0,"Politics editor @BostonGlobe #bospoli. Formerly: @RollCall, @HarvardIOP, @ShiraToeplitz. Always: Cheese lover, Yinzer, wife of @EliCenter."
110,-0.437206696717,0.404017966582,46657.0,John Dickerson,2,2,2,2,"Moderator, Face the Nation. I have two accounts : @johndickerson promotes links to articles & appearances by @jdickerson."
111,-0.432075411846,-0.566108407716,5863.0,Katharine Q. Seelye,2,2,2,2,"New York Times New England bureau chief, based in Boston. kseelye@nytimes.com"
112,0.850394370298,0.330449192914,34555.0,Carrie Dann,0,0,0,0,.@NBCNews / @NBCPolitics. RTs not endorsements.
113,0.225258833382,-0.617103755454,4107.0,Neda Semnani,2,0,0,2,"Various places, @WashingtonPost @TheWeek @TheBafflerMag @NYMag I hate mean people who aren't funny & dictators of all sizes."
114,1.54836358601,-0.325957662846,12977.0,Cameron Joseph,0,0,0,0,"Senior political correspondent @tpm. Almanac of American Politics contributor, @BPshow guest host. Bylined & large."
115,0.464377187758,-0.824186900342,9193.0,Jennifer Duffy,2,0,0,2,"Non-partisan political analyst covering US Senate and Governors races.  Passions include politics, good chardonnay and all things Rhode Island."
116,1.10414158011,0.871334561732,34407.0,Chris Moody,0,0,0,0,Reporter @CNN Digital Labs. Contact: chris.moody@cnn.com Instagram: chrismoodycnn
117,1.60138430645,0.618288451905,48861.0,Olivier Knox,0,0,0,0,"Chief Washington Correspondent, Yahoo! News. Something retweets something something. Views here are my own, not my employer's. Alleged Student of Diplomacy"
118,1.14458114956,0.86403368686,81678.0,CookPoliticalReport,0,0,0,0,"Nobody follows politics like us. 

Subscribe to The Cook Political Report and get the insiders' choice for election coverage and analysis."
119,1.81552154923,1.27602872572,85476.0,Peter Hamby,0,0,0,0,News @Snap. Host @Snapchat's Good Luck America. @VFHIVE contributor. @CNN vet. Board @GUPolitics & @ShorensteinCtr. Levon fan. Wrote this: https://t.co/LkAAioNpID
120,1.39765978709,-0.951927575519,2486.0,Trish Turner,0,0,0,0,"ABC News Investigative Reporter/Producer, Fmr CBS This Morning senior; Covered Senate for Fox for 7yrs, WH for 2 1/2. CNN for 10yrs before. Food, vino, yoga üôè"
121,0.164602608359,-0.690309868055,10564.0,Walter Shapiro,2,0,2,2,Roll Call columnist. Fellow at Brennan Center. Teach at Yale. NY/DC. My book on my great-uncle: Hustling Hitler: The Jewish Vaudevillian Who Fooled the Fuhrer.
122,-0.696155510472,-0.223654063608,8755.0,Michael Hirsh,2,2,2,2,"Career Newsweek guy, author of Capital Offense: How Washington's Wise Men Turned America's Future over to Wall Street..Former National Editor, Politico Magazine"
123,-0.0874549224813,0.455840431812,209007.0,Philip Rucker,2,2,2,2,White House Bureau Chief at The Washington Post | Political Analyst for MSNBC & NBC News | philip.rucker@washpost.com
124,0.473475162154,-0.0448591424325,20311.0,Neil King,2,0,0,2,"Longtime journalist, formerly with the WSJ, now on the outside. Colorado native living in DC. Happiest around water."
125,1.7600822997,0.211563656641,33504.0,carl hulse,0,0,0,0,Chief Washington Correspondent of The New York Times; On Washington column regularly in the NYT. Drummer. Experienced shipboard entertainer.
126,0.58391125169,0.556825809811,66933.0,Sara Murray,0,0,0,0,CNN Political Correspondent covering the Russia investigation. Send me your tips and your animal photos.
127,-1.15385892437,0.115635170595,285592.0,Jonathan Capehart,1,2,2,1,"OPINION Writer, Washington Post. MSNBC Contributor. Check out my podcast ""Cape Up"" https://t.co/Jb5ApPv8Bp Speaking agent: https://t.co/aQ6s0GPs5b"
128,1.8583588382,0.666766049333,44769.0,Byron Tau,0,0,0,0,"congress et al. for @wsj. interested in law, intelligence & nat'l security, investigations, gov't ethics and ‚öæÔ∏è. contact me securely: https://t.co/eyMrJ3385Z"
129,1.29581867981,-1.03650135844,4035.0,Emily Pierce,0,0,0,0,"SVP at Vrge Strategies @ontheVrgeof, formerly @TheJusticeDept Public Affairs & @RollCall Newspaper"
130,-0.67786582914,0.076278179605,17256.0,Elahe Izadi,2,2,2,2,"Pop culture writer @washingtonpost, stand-up comic. Pronounced Eh-law-heh. Email me ya tips: elahe.izadi(at)washpost(dot)com"
131,-0.482171488378,-0.0432531279955,9511.0,Matthew Daly,2,2,2,2,"AP Congressional reporter. Energy, environmt, politics. Oversight. Former WH reporter. Amherst grad, DC native. Politics junkie. Nats fan. RTs not endorsements."
132,-1.96076575737,0.0613837601587,703142.0,Melissa Harris-Perry,1,2,1,1,"Co-hosting @TapFreedom, Directing @AJCCenter,  Traveling w/ @WakeTheVote, Blacking Up Campus w/ @TheNation, Writing for @ellemagazine, Feeding Poultry in Prada"
133,2.03659376313,0.641458411311,43180.0,James Hohmann,0,0,0,0,National Political Correspondent for The Washington Post || Author of The Daily 202 || Anchor of @PowerPost || Minnesotan || James.Hohmann@washpost.com
134,-0.173474033486,-0.575258232561,3320.0,Matt Vasilogambros,2,0,2,2,"writes for @pewtrusts, completed the Pacific Crest Trail, Chicago native, bylines: @TheAtlantic @outsidemagazine, mvasilogambros@pewtrusts.org"
135,0.671432772352,-0.810359793169,3579.0,Elizabeth Titus,2,0,0,2,@bpolitics editor
136,-1.13607523445,0.317668369256,279332.0,Kasie Hunt,1,2,2,1,"@NBCNews Capitol Hill Correspondent. Host, @KasieDC, Sundays 7-9 pm ET on @MSNBC. Once & therefore always #Wire1 at The Associated Press."
137,-0.563913870852,0.396942688601,33954.0,Lisa Desjardins,2,2,2,2,"HAPPY BIRTHDAY CHESTER ARTHUR!  (From me, a correspondent for @NewsHour. We are the commercial-free craft beer of news, with less attitude.)"
138,1.71056481976,-0.801375338271,524.0,Thomas DeFrank,0,0,0,0,Veteran White House correspondent (every prez since LBJ) and author. Contributing editor at National Journal. Proud Texas Aggie alum.
139,0.494075778191,-0.625237410787,9689.0,Bob Cusack,2,0,0,2,"Editor in Chief at The Hill newspaper, father of 3, tennis player and avid Jets and Mets fan. Played Cunningham on Veep."
140,0.791022236036,-0.0581324709609,23971.0,Beth Reinhard,0,0,0,0,"Reporter at The Washington Post. Formerly at WSJ, National Journal, Miami Herald, et al. Email me at beth.reinhard@washpost.com. Also on Signal and WhatsApp."
141,0.961693298669,0.495230233253,27797.0,Jessica Taylor,0,0,0,0,@npr @nprpolitics political reporter. Past: @TheHill @NBCPolitics @InsideElections. TN native/diehard Vols fan. @FurmanU Alum. Lots of college football tweets
142,1.12017091385,0.348740146898,57567.0,Annie Karni,0,0,0,0,"White House reporter, @POLITICO. Email tips: akarni@politico.com"
143,0.335542121549,-0.295670518432,18820.0,Michael C. Bender,2,0,0,2,"White House reporter, @WSJ | (202)725-5805, mike.bender@wsj.com | Via @bpolitics, @TB_Times, @pbpost, @daytondailynews, @DailySentinelGJ & @TheLantern"
144,0.732918869501,-0.743238991434,11808.0,Steven Ginsberg,2,0,0,2,National Editor @washingtonpost -- in it for America // steven [dot] ginsberg [at] washpost [dot] com
145,1.1440953441,-0.317503402575,15655.0,Steve Peoples,0,0,0,0,"NH native who covers national politics for AP, bleeds for New England sports and seeks the world's best tacos. Send me tips: speoples@ap.org"
146,-2.01971252422,-0.0802666058534,1456.0,David Wastell,1,2,1,1,"Communications, media, journalism. Learnt humanitarian speak while overhauling @StartNetwork comms - the rest foreign editing & writing @Independent @Telegraph"
147,-2.21894512343,0.175094933156,1670387.0,Ann Curry,1,2,1,1,Journalism is an act of faith in the future.
148,-1.34134354839,-0.130004121294,13762.0,(((Josh))),1,2,1,1,Josh Tyrangiel is a guy at Vice
149,0.515159814869,-0.725119516899,9547.0,Lauren Fox,2,0,0,2,"With @CNNPolitics covering Congress. Grew up everywhere. IN, PA, MN, ND, MT, OR"
150,-2.10932385279,0.199459876878,2643425.0,GeorgeStephanopoulos,1,2,1,1,"@GMA Anchor, @ThisWeekABC Anchor and Chief Anchor of @ABC"
151,0.789601867737,-0.755825300183,10307.0,Daniel,2,0,0,2,POLITICO politics reporter | Michigan Wolverine | Occasional triathlete | E-mail: dstrauss@politico.com | Oh hi Mark
152,-0.808307188856,0.593915509323,344159.0,Glenn Thrush,1,2,2,1,"New York Times DC correspondent covering social safety net, ex-POLITICO, ex-Newsday, ex-City Limits. MSNBC. Win-win lose-lose."
153,0.423153944781,0.670078751041,129379.0,Larry Sabato,0,0,0,0,"Director, UVA Center for Politics. Author, The Kennedy Half Century https://t.co/d9SktjCoyG. Read the Crystal Ball every Thursday (link below)."
154,1.04232490836,0.407953618857,45805.0,Jeremy W. Peters,0,0,0,0,"Reporter covering politics for The New York Times, MSNBC contributor."
155,0.654960591454,0.421534722783,52877.0,Joshua Green,0,0,0,0,"Author #1 NYT bestseller DEVIL'S BARGAIN (Penguin) @bw correspondent, @CNN Political Analyst. For book stuff: ecalamari@penguinrandomhouse.com"
156,0.633680248576,0.910934633973,51094.0,Betsy Fischer Martin,0,0,0,0,Executive in Residence @AU_SPA / Int'l Advisory Council @APCOWorldwide/ Former Exec @NBCNews & EP @MeetthePress /NOLA bred/mom of teen/wife of @jmartNYT
157,2.45691282918,1.10357129946,71760.0,Steven Dennis,0,0,0,0,"@Bloomberg reporter. I talk to U.S. Senators in hallways. Russia, health, politics. Ex-WH/CQ/Roll Call. Dad. Pie. Opinions mine. Email sdennis17@bloomberg.net"
158,-0.843175114889,-0.427761781263,4089.0,Rick Dunham,2,2,2,2,"Political reporter, blogger. Co-director, Global Business Journalism program, Tsinghua Univ. Created Texas on the Potomac. Tweets US politics, China, global biz"
159,0.631377442833,-0.838205131308,3932.0,David Mark,2,0,0,2,Editor at @MorningConsult. Alum of @CNNPolitics and @politico. Wrote books on negative campaigning and political language. Email at DavidMark2@gmail.com.
160,-2.64966922623,0.129965341909,10077479.0,Anderson Cooper,1,2,1,1,tweets by Anderson Cooper. Anchor @AC360 and correspondent on @60Minutes. Author of NYTimes Best Seller - The Rainbow Comes And Goes https://t.co/1cZvasmMBi
161,1.6795501864,0.690180123688,48309.0,Reid Wilson,0,0,0,0,"Correspondent @TheHill. Author, Epidemic: Ebola & the Global Scramble to Prevent the Next Killer Outbreak https://t.co/tzL2uMwOTK"
162,0.773198775581,0.688731839526,60144.0,Rebecca Berg,0,0,0,0,CNN Political Reporter | rebecca.berg@cnn.com
163,-2.37953034518,0.0312962741038,867113.0,Charles Krauthammer,1,2,1,1,"Author of the #1 New York Times bestseller - Things That Matter, now in paperback. http://t.co/MkdDBXr4t1"
164,0.760124948335,-0.769364151104,10315.0,Emma Dumain,2,0,0,2,"Covering South Carolina + Congress, now for @McClatchyDC, formerly @postandcourier. RT's = FYI's. edumain@mcclatchydc.com"
165,-0.616905164977,-0.360730428593,5899.0,Charles Dharapak,2,2,2,2,"Bangkok via Washington, Jakarta, New York. https://t.co/4U1inadmdK"
166,1.12053148828,0.513474722604,29451.0,Phil Elliott,0,0,0,0,"dc resident. @timepolitics correspondent. @ohiou alumni. lifelong learner, currently at @georgetown. home cook. rt blah, blah."
167,0.953864923953,0.420240331853,50952.0,Jennifer Bendery,0,0,0,0,Senior politics reporter for HuffPost. REM enthusiast. Tips: jen.bendery@huffpost.com
168,0.737374512751,0.350831148779,224198.0,Jonathan Martin,0,0,0,0,"Nat'l Political Correspondent, NY Times. Husband of the incomparable @bfischermartin. Email: https://t.co/YoeNWfXIdo"
169,1.81569859697,1.01008830549,111277.0,Rick Klein,0,0,0,0,"Political director @ABC. Bourbon, BBQ, baseball. No. 34 - 2016 Topps Allen & Ginter. #CapitalGames #PowerhousePolitics"
170,0.160722649007,-0.567634396129,722.0,Amanda Mu√±oz-Temple,2,2,2,2,Comms | Freeform | MTV OG | reformed political journalist
171,-2.46601711869,0.271236509696,3036383.0,Nate Silver,1,1,1,1,"Editor-in-Chief, @FiveThirtyEight. Author, The Signal and the Noise (https://t.co/EYTxvN6BLY). Sports/politics/food geek."
172,0.0691418911917,-0.574273196623,10557.0,Mark Z. Barabak,2,0,2,2,"Non-Academy Award winning LA Times political writer. Proud California native, happiest when in the Sierra. Just like Billy Sunday, in a shotgun ragtime band."
173,-1.94553829499,0.232632022995,321933.0,AP Politics,1,2,1,1,"Highlights from AP's coverage of U.S. politics and government in words, photos and video. Managed by the Washington bureau. https://t.co/lTcEv1VGoB"
174,-1.20345886835,-0.153055220857,11850.0,Robert Yoon,1,2,2,1,Political Journalist. Knight-Wallace/Time Warner Fellow. Host of @TheJWordWCBN. @InsideElections Contributor. CNN vet. @MichiganDaily alum. ‚ÄúAnd sometimes Y.‚Äù
175,0.831082940853,0.307205782369,24435.0,Ali Rogin,0,0,0,0,@ABCNews Digital Journalist. Amateur accordionist. Pug enthusiast. Links & retweets aren't endorsements. Opinions are my own.
176,-0.0781840272077,-0.578832775435,7622.0,devindwyer,2,0,2,2,"Contributing Correspondent and Coordinating Producer in charge of ABC News Penn. Ave team, covering White House, Congress, and campaigns. RTs not = endorsement."
177,-1.84975120366,-0.0313606650085,12268.0,Anjeanette Damon,1,2,1,1,Government watchdog reporter at the Reno Gazette-Journal.
178,-2.77732488513,0.0983043838758,4409429.0,Paul Krugman,1,1,1,1,"Nobel laureate. Op-Ed columnist, @nytopinion. Author, ‚ÄúThe Return of Depression Economics,‚Äù ‚ÄúThe Great Unraveling,‚Äù ‚ÄúThe Age of Diminished Expectations‚Äù + more."
179,-0.848936030775,0.319475000296,258865.0,Jeff Zeleny,1,2,2,1,"CNN Senior White House Correspondent, tweeting about President Trump, his administration and the state of politics in America."
180,-0.0251166142181,-0.553412464547,12600.0,Dave Levinthal,2,0,2,2,"Senior political reporter @Publici. Buffalo emissary, fake arctic explorer. Tips? dlevinthal@publicintegrity.org"
181,0.409988542523,-0.632228763527,4933.0,Henry C.J. Jackson,2,0,0,2,"writer/editor/Californian @Politico. Hugh‚Äôs dad, a Jayhawk and a Gooner. ‚ÄúMaybe today, you could put the past away.‚Äù"
182,-0.435180856424,0.325165589926,28256.0,Tom Bevan,2,2,0,2,Co-Founder & Publisher of RealClearPolitics
183,-0.0990620651134,-0.0203453697908,25717.0,David A. Graham,2,0,2,2,Joyful curmudgeon. Staff writer @TheAtlantic. Sometimes lurking @Duke_DeWitt. dgraham@theatlantic.com
184,-0.345942026372,-0.430339054982,2956.0,Rachel Rose Hartman,2,2,2,2,"Director of Interactive Marketing and Communications @DowntownDCBID, former reporter, breastwing pioneer. Views here are my own, not those of my employer."
185,-0.86435980603,-0.537749203428,7923.0,John Gizzi,2,2,2,2,"Chief Political Columnist and White House Correspondent, Newsmax"
186,-0.300437923742,-0.55462509609,3983.0,Jeremy P. Jacobs,2,2,2,2,"West coast writer for E&E News. Tweets about energy/environment news, politics, cycling, etc ."
187,1.05772325565,-0.875758291437,7711.0,Amy Gardner,0,0,0,0,"National political reporter at the Washington Post, with an enduring soft spot for my beloved Virginia."
188,1.20774638892,0.178908512729,31248.0,Kate Nocera,0,0,0,0,DC Bureau Chief @buzzfeednews. I used to be much better at Twitter. kate.nocera@buzzfeed.com
189,0.508535811123,-0.680948778379,8346.0,Eliot Nelson,2,0,0,2,"HuffPost reporter. Author of The Beltway Bible (St. Martin's), a cheeky political guide out now (link below). eliot [at] huffpost [dot] com"
190,-1.04860075297,0.37189610222,114865.0,Bob Schieffer,1,2,2,1,CBS News Political Contributor. Former host of @FacetheNation.
191,2.33169793123,0.701463414263,90032.0,Mark Murray,0,0,0,0,"Mark Murray is the senior political editor for NBC News, as well as diehard Texas Longhorn fan."
192,1.16489947785,0.567487980007,67351.0,Dan Merica,0,0,0,0,"Political Reporter for @CNN. Covering the Trump White House, covered Hillary Clinton's campaign. @BentleyU & @AmericanU grad. Nats fan. dan.merica@cnn.com"
193,0.642192628044,0.295241128118,41466.0,Michael Crowley,0,0,0,0,"National security editor and senior foreign affairs correspondent, Politico"
194,0.971394383176,-0.193817751292,22880.0,Jose A. Del Real,0,0,0,0,"National correspondent for @nytimes, writing about life and news in California. New to LA; send tips. Alaska Grown, CA born. jose.delreal@nytimes.com"
195,-2.17293608752,0.102716666687,26396.0,P. J. O'Rourke,1,2,1,1,Dragging the pond of politics to find the body of humor
196,-0.851063905681,-0.409000334948,3096.0,Holly Ramer,2,2,2,2,Reporter for The Associated Press. 2017-18 Rosalynn Carter Fellowship for Mental Health Journalism recipient. Native Granite Stater. UNC-CH alum.
197,-0.430858235913,-0.531688936712,3902.0,Shannon Travis,2,2,2,2,Harvard grad student. Founder of https://t.co/AcmpaQDOAW Raised in Chicago. Matured in New York
198,-0.163523886269,-0.323238028976,13172.0,Marin Cogan,2,0,2,2,"Writer of things, mostly for New York Mag. Pronounced like Erin with an M. Newsletter: https://t.co/EnrzKVBAfs"
199,1.67428118922,-1.12992692247,3123.0,Adam Wollner,0,0,0,0,@nationaljournal reporter and podcaster. Wisconsinite. awollner@nationaljournal.com
200,-0.411058633834,-0.176034862425,21274.0,Perry Bacon Jr.,2,2,2,2,"Political Writer at @FiveThirtyEight. Send (perry.bacon@fivethirtyeight.com) tips, feedback, stories you would like me to pursue. Would love to hear from you."
201,0.768443929237,0.778779559827,71960.0,Taegan Goddard,0,0,0,0,Publisher of Political Wire
202,0.0731133072685,-0.851806039819,4404.0,Ted Bridis,2,0,2,2,"AP's editor of Pulitzer-winning investigative team. Data, FOIA guy. Proud dad. Mizzou grad. Miami raised. Googlism: ‚Äúted bridis is this story's bob woodward‚Äù"
203,-0.730185903619,0.4681636687,44599.0,Jill Abramson,1,2,2,1,Jill Abramson teaches creative writing @Harvard and is writing a book about the news
204,-0.0346042113884,-0.0899117011452,18053.0,Patrick W. Gavin,2,0,2,2,"Filmmaker, journalist, teacher https://t.co/SVUne9PuXh."
205,-1.03950419182,0.508733113186,29906.0,Jo Ling Kent,1,2,2,1,"NBC News Correspondent @NBCNightlyNews, @TODAYshow, @MSNBC. Covering business, tech, economy, cyber security, media, China etc. Minnesotan. jo.kent@nbcuni.com"
206,0.273934720324,0.322798887193,37520.0,David Nakamura,2,0,0,2,Washington Post reporter.
207,0.741457037463,-0.150602610836,17866.0,Deirdre Walsh,0,0,0,0,"CNN Senior Congressional Reporter/Producer, RTs are not considered endorsements, deirdre.walsh@cnn.com"
208,0.49274810368,-0.115786418463,19382.0,Caitlin Huey-Burns,2,0,0,2,National Political Reporter for RealClearPolitics Chueyburns@RealClearPolitics.com https://t.co/2yLevIFJk0
209,-2.61053602953,0.190009370249,2391867.0,Joe Scarborough,1,1,1,1,"The lucky guy who is engaged to Mika and blessed to be Joey, Andrew, Katherine and Jack‚Äôs dad!"
210,0.0734845344938,-0.493234564692,4822.0,Natalie Jennings,2,0,2,2,Editor of @theFix at @WashingtonPost. @LSU alum. natalie.jennings @ https://t.co/Im0NynvNLS
211,-0.557219380932,-0.0547151540004,10454.0,Dan Nowicki,2,2,2,2,Dan Nowicki is The Arizona Republic's national political reporter. Retweets don't imply support of the message or messenger.
212,1.99495638479,-0.896014283451,501.0,Kevin Brennan,0,0,0,0,Editor/Writer at the Notre Dame Alumni Association; Alumni Editor at Notre Dame Magazine
213,0.684288546975,0.672482865545,37791.0,Susan Davis,0,0,0,0,I cover Congress for NPR. And sometimes other stuff.
214,1.05072109992,-0.674622423677,14450.0,Amie Parnes,0,0,0,0,Senior Political Correspondent @TheHill & @CNN Political Analyst & Co-author of the #1 NYT bestseller 'Shattered' & the NYT bestseller 'HRC' & The proudest mom
215,-2.00217964589,0.14718823773,27481.0,(((Ron Lieber))),1,2,1,1,"Mr. Lieber, the Your Money columnist for The New York Times, declined to comment."
216,0.761500738559,0.118930109275,34464.0,Rosalind Helderman,0,0,0,0,Political investigations and enterprise reporter for @washingtonpost. Email me at heldermanr@washpost.com and see more about me at http://t.co/C5dMFuKwFa.
217,1.49880733454,-1.04042946542,1938.0,bonney,0,0,0,0,I should tweet more
218,1.97330221663,0.716551629629,73019.0,Kenneth P. Vogel,0,0,0,0,"@nytimes. @GlensGardenMkt. philly sports. Big Money: $2.5B, 1 Suspicious Vehicle & a Pimp: https://t.co/hLkpfYtIsY"
219,0.887109520255,-0.847848422777,4961.0,Rachel Streitfeld,2,0,0,2,"CNN producer covering politics. Novel fanatic, traveler, Texan, fan of tall people and curls"
220,-1.72775289854,0.336466711892,39870.0,Matthew Keys,1,2,1,1,"Journalist again starting 6/2018. Previously: @Grasswire, @Reuters, @ABC7NewsBayArea, @FOX40. Email & Signal: https://t.co/INA0V0Aggz | Offline weekends"
221,-1.64218948016,0.294893563527,181396.0,Felix Salmon,1,2,1,1,"Host and editor, Cause & Effect"
222,0.425861001559,-0.656478829372,4067.0,Alex Parker,2,0,0,2,"Taxsplainer for @Law360. Fan of Purdue, Butler, Colts, Pacers, Indians & free thinkers. Views here are my own, or Batman's. Retweets are endorphins."
223,-1.49241228327,0.579279122224,772522.0,Maggie Haberman,1,2,1,1,"Random woman, New Yorker, White House correspondent for NYTimes, analyst CNN. RTs don't imply agreement. maggie.haberman@nytimes.com"
224,-0.879470135681,0.569775416661,46759.0,Benny,1,2,2,1,"Love my Family, God and Pipe Tobacco; not necessarily in that order. I make internet at the Daily Caller [dot] com.
TIPS: Benny@dailycaller.com"
225,-1.9074988534,0.281097762635,230856.0,CNN Political Ticker,1,2,1,1,This account is no longer active. Please follow @CNNPolitics for updates from our politics team.
226,0.304045142809,0.356049753072,281536.0,andrew kaczynskiü§î,2,0,0,2,Reporter at CNN's KFile. Challenged to a duel by @RandPaul. ‚ÄúFlex Cam‚Äù winner at a @BrooklynNets game. Likes cats. Andrew.w.Kaczynski@gmail.com
227,0.475163630715,0.385462109004,28165.0,Erin McPike,2,0,0,2,"Swann Street Strategies partner, Olympics/March Madness fanatic, elections lover, professional wedding toast giver, former high school theater geek"
228,0.0246823410048,-0.455872517456,6506.0,Dan Hirschhorn,2,0,2,2,"Director of News @timeinc & @TIME, husband & servant to @JJElFar, dad, Philly native in NYC, football & basketball fan, still kinda like dogs"
229,0.755825778535,0.925464647349,74981.0,Domenico Montanaro,0,0,0,0,"""Hunker down and go about our business, which is not to be loved but go after the truth."" -- Ben Bradlee, former Washington Post editor"
230,-0.156810673717,-0.626327341452,1757.0,Leslie Larson Caimi,2,2,2,2,"Journalist, freelance bylines @washingtonpost, @wsj. Former staff writer @bi_politics & @NYDNPolitics. larsonld@gmail.com."
231,-0.844781968934,0.650183655185,40162.0,Amy Harder,1,2,2,1,"I cover energy and climate change @axios & write a regular column, Harder Line. Reach me at amy@axios.com. Prior: WSJ, National Journal."
232,-1.37795644834,0.389245663481,659482.0,Donna Brazile,1,2,1,1,Political Strategist
233,2.29294273294,1.06442171791,87178.0,Dylan Byers,0,0,0,0,"Senior Reporter, @CNN | Author of PACIFIC, a new venture on the Innovation Economy | 323-337-5182 | dylan.byers@turner.com"
234,0.367353476638,-0.303260296731,11332.0,Katie Zezima,2,0,0,2,"@washingtonpost national correspondent üá∫üá∏ Past reporting: '16 campaign, White House, New Jersey, New England. Say hi: katie.zezima@washpost.com"
235,2.76230096415,1.23056176808,70757.0,Ed O'Keefe,0,0,0,0,@washingtonpost congressional reporter. soon-to-be @cbsnews political correspondent. Husband. Dad. Son. Brother. Latino. Irish. @AmericanU alum. @NAHJ member.
236,1.30261469018,-0.699631985154,9908.0,Alex Roarty,0,0,0,0,"Covering Democrats for @mcclatchydc. Contrary to popular belief, not from Pennsylvania. @cumberlink alum."
237,0.328068341962,-0.559477283074,7354.0,Dan Berman,2,0,0,2,"CNN Politics Digital enterprise editor. Previously: POLITICO White House editor, National Journal, Greenwire and the Allied Gardens Little League."
238,0.0554600694026,-0.676208420424,3419.0,AnnGerhart,2,2,2,2,"Washington Post senior editor at-large, perfect job for a woman intrigued by too much. Grew up in Amish country; bleached hair early."
239,-0.87098155278,0.516392358828,34123.0,Julie Mason,1,2,2,1,"Host of the Press Pool with Julie Mason on SiriusXM; former White House reporter, honorary Texan, total Masshole."
240,-0.997193197833,-0.21496832152,8638.0,Dan Lothian,1,2,2,1,"Little Park Media founder, Beat The Press (WGBH) panelist, husband, father, runner, beaches."
241,-1.39331621831,0.197275935219,35423.0,Patrick LaForge,1,2,1,1,"Editor, @nytimes express desk: breaking news and general assignment. Not an NYT spokesman. Not a pundit. ‚ÄúEvery day is a good day."" -Yun Men"
242,-1.73731513227,-0.06843761158,4206.0,Maggie,1,2,1,1,"Senior Content Manager @UPS. Peanut butter aficionado. Wanna-be yogi. Previously @OracleSocial, @CNN & @weatherchannel. Opinions are my own."
243,1.38874993404,0.479569107424,39260.0,David M. Drucker,0,0,0,0,@dcexaminer Senior Political Correspondent & @CNN Political Analyst
244,0.0478275634475,-0.562080625091,934.0,Adam O'Neal,2,0,2,2,assistant features editor @WSJOpinion
245,-1.46082606871,-0.101825985135,7075.0,Laura E. Davis,1,2,1,1,"@annenbergmedia digital news director/@USCAnnenberg assistant prof. Formerly: @BuzzFeed #teamnewsapp, @latimes, @YahooNews, @AP. KC native, yogi, tea drinker"
246,0.636446249665,-0.69397232799,4871.0,Kevin Bohn,2,0,2,2,"Washington Supervising Producer for weekend coverage for CNN. Have reported on wide range of political, campaign and other stories brewing in DC. Proud Duke fan"
247,-1.26856584213,0.537535886227,280267.0,Ed Henry,1,2,2,1,"Fox News Chief National Corr, NY Times Bestselling Author ""42 Faith""; https://t.co/kxRJz7B154 Get signed copy eh42productions@gmail.com"
248,0.60253133961,-0.831031160958,9684.0,Nathan Gonzales,2,0,0,2,"Editor & Publisher of @InsideElections, @RollCall Elections Analyst, @CNN Political Analyst, @PoliticsnStereo founder, Dallas Dragons ex-backup QB. #GoHawks"
249,-0.203338449626,-0.633100195217,5702.0,Adam B. Kushner,2,0,2,2,"Outlook Editor at The Washington Post. Alumnus of @Newsweek, @NationalJournal, and @TNR. Evangelist for New Orleans, biking, and bad action movies."
250,0.377869944578,-0.717957548383,11040.0,Alexis Simendinger,2,0,0,2,"National political correspondent for The Hill. Covering WH, Congress, politics.  asimendinger@thehill.com"
251,-2.13789888182,0.383749479987,2435884.0,Megyn Kelly,1,2,1,1,"Happily married to Doug, crazy in love with my children Yates, Yardley, and Thatcher, and anchor at NBC News."
252,0.757352253437,0.340663908884,31852.0,Alexandra Jaffe,0,0,0,0,"Lady, reporter, lady reporter. @vicenews tonight. // Previously @TheHill, @CNNPolitics, NBCPolitics. Chi till I die. // Alexandra.Jaffe@vice.com"
253,-2.28976632015,0.414417188939,9371520.0,Rachel Maddow MSNBC,1,1,1,1,"I see political people...
(Retweets do not imply endorsement.)"
254,-1.11042334878,-0.0753941427768,15349.0,Matt Wuerker,1,2,2,1,Matt Wuerker is the staff cartoonist and illustrator for POLITICO. He likes to cross hatch... a lot. Opinions are strictly my own and RT's are not endorsements
255,-1.81783357644,-0.20319937592,3458.0,Aaron Gould Sheinin,1,2,1,1,I agree with Red Smith: the 90 feet between the bases is the closest to perfection man has yet to come. Senior news editor @ WebMD. Formerly @ajc and @thestate.
256,-1.13121817492,-0.109675046824,7120.0,Troy Kinsey,1,2,2,1,#Florida Capitol reporter for Bay News 9 (Tampa/St. Pete) & News 13 (Orlando). @USC & @FloridaState alum. Commercial pilot. Current @FLPressCorps president.
257,0.627609722532,0.169344811793,142473.0,Peter Baker,0,0,0,0,"Chief White House Correspondent, New York Times, MSNBC analyst. Proud husband of Susan Glasser, columnist for Politico and the New Yorker."
258,-1.07476881691,-0.3070549323,1836.0,Jenny Blanco,1,2,2,1,Director of Talent Recruitment & Development CNN
259,1.29194896057,-1.04717259492,1702.0,Gregg Birnbaum,0,0,0,0,"Senior Political Editor, https://t.co/Z73is4fJ3x; Adjunct Journalism Professor, Baruch College, CUNY."
260,1.06470499449,0.223613488791,34116.0,Josh Gerstein,0,0,0,0,"POLITICO reporter covering White House, Justice Department, the courts and more. Contact me via email or Signal: https://t.co/NO5t0syu5c"
261,0.605292957434,-0.834108181895,2526.0,Terence Samuel,2,0,0,2,Deputy managing editor at NPR News. Former Washington editor at The Washington Post.
262,1.42469626609,0.171150335508,40407.0,Burgess Everett,0,0,0,0,POLITICO congressional reporter. Header by the great @jnshinkle
263,1.02939423699,-0.134870126995,18679.0,Charlie Mahtesian,0,0,0,0,"Senior Politics Editor, POLITICO. Ex-NPR, Almanac of American Politics, Wawa. Fan of small towns and big cities. Especially Philadelphia."
264,-1.78621725335,0.522389564347,1745747.0,Dana Perino,1,2,1,1,"Fox News contributor, Host of The Daily Briefing with Dana Perino, Co-host The Five, Fmr Press Sec to George W. Bush. Speaking opps: https://t.co/FV4pmiX4a0"
265,-0.06538978697,-0.676627781436,5015.0,Emily Heil,2,0,2,2,Reporter for The Washington Post emily.heil@washpost.com
266,-1.29040429292,-0.197564563768,19866.0,Jamie Kirchick,1,2,2,1,"@BrookingsFP; Columnist @tabletmag; Correspondent @thedailybeast. Auf Deutsch @faz_net. Author, THE END OF EUROPE. Writing a history of gay DC for @HenryHolt."
267,-1.30921904904,0.285002718729,47824.0,Megan McArdle,1,2,1,1,"Columnist at the Washington Post. Ex-@BV, Newsweek, The Atlantic, The Economist. Opinions my own. Buy my book, The Up Side of Down https://t.co/PFtV3H13LT"
268,-0.113214682364,-0.462680456259,7219.0,Susan Ferrechio,2,2,2,2,Washington Examiner's Chief Congressional Correspondent
269,-2.1007183372,0.281788424341,1424460.0,Wolf Blitzer,1,2,1,1,"I'm the anchor of CNN's The Situation Room (@CNNSitRoom) 5-7PM ET,  Wolf 1PM ET & CNN's lead political anchor, and, yes, I do my own tweeting."
270,-1.23241447197,0.334834368917,69323.0,melissa block,1,2,1,1,NPR special correspondent. Mom. Also: https://t.co/frHGcNkpSO
271,-0.2326576043,-0.547415820849,1855.0,Jamie Gray,2,2,2,2,"TV news producer. Fulham, Mets and Hoyas fan. Preferrer of aisle seats. Opinions own, RTs not endorsement etc."
272,-0.513651850331,-0.230191762011,13378.0,Kathie Obradovich,2,2,2,2,"Political columnist @DMRegister, covering Iowa state politics and the Iowa caucuses. Diehard Cyclones fan. Tweets and RTs are not endorsements."
273,0.662841274485,-0.198579750212,12759.0,Shushannah Walshe,2,0,0,2,"Journalist and Co-Author of Sarah From Alaska, former Deputy Political Director for ABC News. RTs are not endorsements."
274,-0.5751787858,-0.088110581779,10426.0,PETER MAER,2,2,2,2,Retired veteran White House Correspondent. 2-time winner of The Edward R. Murrow Award. Recipient of 5 Merriman Smith Awards for Presidential Coverage.
275,1.79221488321,0.482376300071,36892.0,Jonathan Allen,0,0,0,0,"national political reporter, @NBCNews Digital | co-author, NYT bestsellers ‚ÄúShattered‚Äù and ‚ÄúHRC‚Äù | Nats fan | Terp | jon.allen@nbcuni.com"
276,-0.0965442227363,-0.15522113498,5971.0,Ed Hornick,2,2,2,2,"@YahooNews | @CNNPolitics alum | Golden Girls trivia champ | Analogue childhood, digital adulthood"
277,-0.173594274677,0.23713623429,18513.0,Ethan Klapper,2,2,2,2,"By day, I'm a journalist who leads @HuffPost's social team. By night, I'm an #avgeek. ‚úàÔ∏è"
278,0.412667537649,-0.718517867923,7543.0,Carl Cannon,2,0,0,2,Carl M. Cannon is Washington Editor of RealClearPolitics.
279,0.813968882613,-0.0940673652162,26143.0,Tim Alberta,0,0,0,0,chief political correspondent @politicomag talberta@politico.com
280,-0.97265624857,0.272790201884,370289.0,Robert Costa,1,2,2,1,"National political reporter, @WashingtonPost; Moderator, @WashingtonWeek; Political analyst, @NBCNews and @msnbc"
281,1.04566229358,0.436427401583,43382.0,Carol Lee,0,0,0,0,"Reporter for NBC News, former WSJ & POLITICO, Hudson's mom, Philly Eagles fanatic"
282,0.996793630753,0.240791956176,48188.0,Gabriel Debenedetti,0,0,0,0,"National political reporter, @politico. gdebenedetti@politico.com"
283,0.0618409920455,-0.0533211900261,18698.0,Todd Zwillich,2,0,0,2,Host of The Takeaway from PRI & WNYC. Definitely send me your theories. tzwillich at gmail
284,0.30075471178,-0.372435774098,14531.0,Anita Kumar,2,0,0,2,White House Correspondent for McClatchy Newspapers. Formerly of the @washingtonpost and @tb_times. akumar@mcclatchydc.com
285,1.49963659396,0.790806678221,66369.0,Matt Viser,0,0,0,0,@BostonGlobe Deputy Washington Bureau Chief | @CNN political analyst | @TandCmag contributing editor | Reach me at matt.viser@globe.com.
286,-0.204785095396,0.0665007061467,194201.0,Jeffrey Goldberg,2,0,2,2,"Editor in Chief, The Atlantic"
287,2.26729711467,-1.33369028296,1342.0,George Condon,0,0,0,0,White House correspondent for National Journal and a fan of the Hoyas and Indians
288,0.348267110735,-0.600443888574,5729.0,Donovan Slack,2,0,0,2,"Homeland Security and Veterans Affairs Correspondent, Washington Bureau, USA TODAY dslack@usatoday.com"
289,0.878945490958,0.330457473445,30224.0,Josh Lederman,0,0,0,0,"Covering foreign policy, national security & the State Department for @AP. Lover of fountain soda and overcast weather. Medill & GW alum. Arizona native."
290,0.369775059797,-0.620904916744,941.0,Alex Brown,2,0,2,2,"Reporter @chronline. Thru-hiker @PCTAssociation. Formerly @nationaljournal, @jsunnews. Former garbageman, Zamboni driver, grave digger."
291,1.27407349882,-1.25438096102,4035.0,Jordan J Frasier,0,0,0,0,Video Reporter @WashingtonPost covering National Politics | Fmr. @NBCNews & @MeetThePress | #RunThisTown
292,2.22923758483,-1.34470275249,2397.0,Patrick O'Connor,0,0,0,0,Wall Street Journal politics reporter
293,1.09889453226,-0.446579811735,12921.0,Beth Fouhy,0,0,0,0,"Senior editor, politics, NBC News and MSNBC"
294,0.169328006865,-0.269124064937,16006.0,Jason Horowitz,2,0,0,2,"Rome Bureau Chief of The New York Times. RTs = niente. Dammi una dritta (send real tips, not restaurants) at jason.horowitz@nytimes.com"
295,1.65946586577,0.522150801629,125101.0,McKay Coppins,0,0,0,0,Staff writer at @TheAtlantic. Author of THE WILDERNESS. 'Sort of handsome.' - Donald J. Trump
296,0.676631048665,-0.838679702652,6114.0,Kathleen Hennessey,2,0,0,2,"Deputy Bureau Chief, AP Washington. Minnesota native. Berkeley grad. Capitol Hill mom. Proud LAT/Tribune alum."
297,0.0241834165205,-0.623000217124,8354.0,Dick Stevenson,2,0,2,2,"Senior Editor, The New York Times"
298,-1.10890958386,0.135483711221,23458.0,Chris Licht,1,2,2,1,"Executive Producer/Showrunner The Late Show with Stephen Colbert. EVP of Special Programming, CBS Corp. Husband to Jenny.  Dad to Andrew and Ryan."
299,-0.535580290583,0.384939214034,206270.0,Jim Roberts,2,2,2,2,"Full-time student of the news & long-time follower of the Grateful Dead. Editor-in-Chief, üßÄCheddar. Ex-NYT, Mashable. Listen to the thunder shout."
300,-2.07006732202,0.29058096634,872997.0,Savannah Guthrie,1,2,1,1,"Mom to Vale and Charley, @TODAYshow Co-Anchor, Recovering Attorney. Georgetown Law. Co-author, Princesses Wear Pants, #1 NYT bestseller"
301,0.0152601682272,0.159047868326,19848.0,Vaughn Sterling,2,0,2,2,"-CNN Supervising Producer -H Street, DC."
302,-1.94746762053,0.402002387877,1215132.0,Greta Van Susteren,1,2,1,1,Author of book:‚ÄùEverything You Need to Know about Social Media‚Äù Retweets are just retweets;
303,-1.73536252729,0.420183542774,156811.0,Andrew Malcolm,1,2,1,1,"Political news & commentary from Andrew Malcolm, National Politics Columnist for McClatchy Newspapers. All my columns at:  https://t.co/wFngTLh8pH"
304,1.12925452037,-0.950264478949,9274.0,Marty Kady,0,0,0,0,"Editor of POLITICO Pro, optimistic Washington Nationals fan, lifelong northern Virginian."
305,-2.13937373044,0.37226098701,1649655.0,Andrea Mitchell,1,1,1,1,"NBC News Chief Foreign Affairs Correspondent/anchor, Andrea Mitchell Reports, weekdays at 12pm ET on @MSNBC."
306,1.32988094167,0.0844259863395,28452.0,Niels Lesniewski,0,0,0,0,"Stroke survivor.
Senior writer at @rollcall and @CQnow.
@hamiltoncollege graduate.
Bourbon drinker.
niels@cqrollcall.com"
307,-1.82525197506,0.450796213755,653435.0,Chris Cillizza,1,1,1,1,"""One of the dumber and least respected of the political pundits."" -- Donald Trump. ""Sentient potato."" Subscribe: https://t.co/VM2JQsQH6X"
308,0.772754555009,0.75776083055,78348.0,Dana Milbank,0,0,0,0,Syndicated columnist with @washingtonpost and purveyor of fake news. Husband of @anna_greenberg. Father of one. Stepdad of two. Master of none.
309,1.27762118275,0.520480313984,55405.0,Julie Pace,0,0,0,0,Washington Bureau Chief for The Associated Press. Nine year survivor of the White House beat. Proud Northwestern grad. Long-suffering Bills fan.
310,-0.748411106565,-0.379887457199,6638.0,Taylor West,2,2,2,2,"Sr. Communications Director, @COHNMarketing + @COHNNABIS. Former Dep. Dir., National Cannabis Industry Association. Recovered DC hack, happily settled out west."
311,-0.108486866844,-0.670597509881,6831.0,Colleen Nelson,2,0,2,2,Now: @KCStar editorial page editor; past: @WSJ White House correspondent; always: intense Kansas Jayhawks fan and marathon runner
312,-0.757035780978,-0.418837303832,5908.0,Joe Hagan,2,2,2,2,Writer/reporter. Author of 'STICKY FINGERS: The Life and Times of Jann Wenner and Rolling Stone Magazine' (Knopf)
313,0.460116797099,-0.330291639387,18245.0,Nick Corasaniti,2,0,0,2,reporter for @nytimes; sandwich/taco pundit. #campaignfoodreport corasan@nytimes.com
314,-0.170048727343,-0.622795381029,7427.0,Christian Heinze,2,0,2,2,"Former journalist and columnist, The Hill. Starting a new site."
315,-0.143409143658,-0.138320919194,15142.0,Holly Bailey,2,0,2,2,"National Correspondent @YahooNews; Newsweek alum; author of The Mercy of the Sky, published by Viking https://t.co/Jq5H6z1NG7 https://t.co/ydQB2vLWE4"
316,-0.189023355978,0.0466791136651,19025.0,Karen Travers,2,2,2,2,"ABC News correspondent covering the White House, Philly sports fan, Georgetown Hoya, mom to a preschooler & toddler twins. 
Hippity-hoppity mood"
317,-0.232548901717,0.717938472964,408990.0,Dave Weigel,2,2,2,2,"Covering politics for @washingtonpost. daveweigel@gmail.com, 202-334-7387. @CWAUnion member. Buy my book: https://t.co/qbUTkz3CBR (Avatar by @damnyouregis)"
318,-1.86338411326,0.046101749359,12841.0,Mark Joyella,1,2,1,1,Maddie and Sophie's Dad. Tiffanie's Husband. @IBM writer; @Forbes Contributor; @UGAGrady MFA Student; @BC2M Ambassador. @Arsenal FC.
319,0.81096681066,-0.890189127593,2646.0,Tim Grieve,2,0,0,2,"VP, News @McClatchy. Previously @nationaljournal, @politico, @salon, @sacbee_news, @stanford_daily and @scdsoctagon."
320,-0.449894409261,-0.604111903768,6726.0,David Freedlander,2,2,2,2,"Adjunct, @columbiajourn
Politics mostly, but also books, the arts and the city davidfreedlander@protonmail.com. 
Phone lines are open for assignments, tips, etc"
321,0.820991135977,-0.831240810232,1676.0,Emma V. Angerer,0,0,0,2,Chief of Staff for Breaking News @Bloomberg tweeting everything from politics to monetary policy. 3rd generation newsie. NewYorker-Washingtonian. Views are mine
322,-2.00669255238,0.37451355638,752740.0,David Muir,1,2,1,1,"Journalist, Anchor, ABC World News Tonight, '20/20'"
323,1.45183429314,-0.795456071169,404.0,Tom Diemer,0,0,0,0,"Journo, author, dad, husband, Ohio State alum, StL Cards fan."
324,-0.505213747973,0.0774603717539,23983.0,Eamon Javers,2,2,2,2,"Eamon is a Washington Correspondent for CNBC + wrote a book on corporate espionage. Economy, politics, spies, etc. Leak to me: https://t.co/9Ox3WvYP9R"
325,1.44656698821,-0.971832342423,2938.0,Eliza Newlin Carney,0,0,0,0,Columnist at The American prospect
326,0.85850202142,0.556945866297,106596.0,Michael Barbaro,0,0,0,0,"Host of The Daily, an audio show from the NYT.  Previously covered presidential campaigns, City Hall and the US retail industry."
327,-0.137244222031,-0.667076062014,2962.0,Adriel Bettelheim,2,0,2,2,"Health care editor @politico @POLITICOpro. Alum of CQ Roll Call, PolitiFact, Bloomberg, The Denver Post. Got news? abettelheim (at) politico (dot) com"
328,-1.35681182372,-0.145307552616,10838.0,Aman Batheja,1,2,2,1,"Political Editor, Texas Tribune. New York native. Sucker for a good pun. Email: abatheja AT https://t.co/lxqQdhlXAm"
329,0.834409433726,0.317015010437,44008.0,Edward-Isaac Dovere,0,0,0,0,"Chief Washington correspondent, POLITICO. Host, ""Off Message"" podcast. Subscribe! https://t.co/UulDIDSEJS"
330,-0.207898391834,0.0657404350592,18716.0,Jan Crawford,2,2,2,2,"CBS morning/legal person and proud mama of four. Love fried okra, family, red wine in big glasses, sweet pickles and the Crimson Tide."
331,0.855196953129,0.325607197295,23125.0,David Catanese,0,0,0,0,Senior Politics Writer @USNews & World Report dcatanese@usnews.com Founder#TheRun Music lover: Kanye West fanboi/EDM explorer Jersey boy. Insta: davecatanese
332,0.654657467579,-0.253559347643,18950.0,Emily C. Singer,2,0,0,2,"Senior Political Reporter @mic; @rollcall, #gwu, @mashable alum; poodle mom üê©. RTs not endorsements, yada yada yada. esinger@mic.com"
333,1.33123134006,0.438808295604,130138.0,Molly Ball,0,0,0,0,"National political correspondent, TIME. CNN political analyst. I'm not going to argue with you on Twitter. molly.ball@time.com"
334,-2.51851375591,0.0727120888252,1218582.0,Glenn Beck,1,2,1,1,'find joy. speak truth.' | https://t.co/JyFFP5GsCR
335,1.08753162528,0.544654364704,78876.0,Gabriel Sherman,0,0,0,0,"Vanity Fair special correspondent. NBC News/MSNBC contributor, Author of NYT best seller THE LOUDEST VOICE IN THE ROOM New York Mag alum gsherman99@gmail.com"
336,-0.955901185371,0.533495787404,71255.0,Carol Costello,1,2,2,1,"Die-hard @tigers @lions fan, #runner, and #HLN anchor. #CNN.com/opinion contributor, #LMU First Lady. RT are not endorsements."
337,1.57734169701,0.438583375214,35560.0,Mike Memoli,0,0,0,0,"National political reporter for @nbcnews.

mike.memoli@nbcuni.com"
338,0.0864983530885,-0.650611032107,8193.0,michael viqueira,2,0,2,2,"Mike Viqueira is a journalist, media trainer/consultant, and author of ""You Didn't Get This From Me,"" a novel of media and politics."
339,-0.586424310857,-0.272430150773,4194.0,John O'Connor,2,2,2,2,"Covering NY, NJ, CT from D.C. for @WNYC. Past: @StateImpactFL @WLRN @WUSF @TheState. joconnor at wnyc dot org. Keepin‚Äô it 140."
340,0.285266219551,0.659367755377,48487.0,Mark Preston,2,0,0,2,CNN's Exec. Dir. of Pol. Programming/Sr. Pol. Analyst; Full Stop w/ Mark Preston SiriusXM/POTUS 124; Bio https://t.co/Q9cpZS65Bt; ‚òÆÔ∏è & ‚ù§Ô∏è https://t.co/wBHCFBTvSG
341,-0.249344555815,-0.545109867853,5412.0,Judy Kurtz,2,2,2,2,@thehill's In the Know Columnist. @hoyajournalism Instructor. @enews Contributor. For gossip/news tips: jkurtz@thehill.com
342,-1.3309728762,0.567085549686,77722.0,Chris Stirewalt,1,2,2,1,"Politics Editor, Fox News Channel; Fox News Halftime Report; Speeches arranged: https://t.co/IVJVizHmXW"
343,0.627575298755,0.497432405067,24549.0,Jesse Rodriguez,0,0,0,0,Director of Booking for @MSNBC; E-mail: Jesse.Rodriguez@nbc.com
344,0.385764580869,-0.765153163166,1776.0,Sean Geary Higgins,2,2,2,2,Senior Writer for the Washington Examiner. Retweets do not equal endorsement.      'Don't allow yourself the lie.' -- Christopher Hitchens
345,1.90306540824,0.678569918277,73230.0,Jennifer Epstein,0,0,0,0,White House reporter at Bloomberg News jepstein32@bloomberg.net
346,1.62452452872,1.16138668617,70221.0,Garance Franke-Ruta,0,0,0,0,"Politics, media, breaking. @YahooNews."
347,1.18277024216,0.519973486323,54657.0,Hadas Gold,0,0,0,0,"Reporter @CNN. Proud alumna of @POLITICO TLV ‚û°Ô∏è PHX ‚û°Ô∏è DCA ... send me your news tips, cute animal photos and recipes Hadas.gold@cnn.com"
348,1.74142220657,-1.0814546339,3462.0,Lauren Whittington,0,0,0,0,"@LongwoodU senior writer & media specialist | ex-@rollcall-er | part city mouse, part country mouse | farmers market junkie"
349,-0.796054495642,0.0749662919412,194424.0,Jonathan Karl,1,2,2,1,ABC News Chief White House Correspondent. insta @jonkarl Check out my weekly podcast -https://t.co/O4pscqKIWn
350,0.00806702117562,0.638030824491,65471.0,jodikantor,2,0,0,2,"NY Times investigative reporter, CBS contributor, partner to @mega2e in pursuit of Weinstein. I'll have mine truthful, with a side of dark chocolate."
351,0.0368054517559,0.406068652236,124259.0,Brianna Keilar,2,0,0,2,"CNN Senior Washington Correspondent and Anchor, @GUPolitics advisory board, I gram @briannakeilar, I snap @bribriannabri"
352,-2.1899133149,0.0826847418534,911424.0,Fareed Zakaria,1,2,1,1,WaPo columnist. Host of CNN's GPS: Sunday @ 10am and 1pm ET in the U.S. Subscribe to my newsletter at https://t.co/0GzwMEiOPt. Retweets are not endorsements.
353,1.70120117437,0.788003562517,61919.0,(((JonathanWeisman))),0,0,0,0,"Deputy Washington Editor, The New York Times, author, (((Semitism))) - Being Jewish in the Age of Trump, and No. 4 Imperial Lane"
354,0.0197196836815,-0.630116856393,5841.0,Jamie Novogrod,2,0,2,2,"LA Bureau Chief @VICENews Tonight on HBO. Former @nbcnews. Links, RTs not endorsements, opinions mine."
355,1.33461439047,0.6778689325,52718.0,Mark Leibovich,0,0,0,0,"Chief National Correspondent, NYT Mag, DC. Author of This Town, and upcoming, Big Game: The NFL in a Time of Boom, Doom and Maximum America"
356,-0.429744302797,-0.686322614443,6245.0,Lloyd Grove,2,2,2,2,Lloyd Grove is editor at large for The Daily Beast.
357,0.34220412987,0.381826667772,24430.0,ryan teague beckwith,2,0,0,2,A politics editor in @TIME's D.C. Bureau. Part-time journalism teacher at @hoyajournalism. Luke 8:17. RTs‚â†RTBs.
358,-1.20566447227,-0.251576090139,6412.0,Stephanie Ebbert,1,2,2,1,I cover gender issues for the Boston Globe.
359,-0.12622184985,-0.258208872355,9713.0,Jill Jackson,2,2,2,2,News Director @KUOW
360,-1.90723947096,0.387515767936,1962034.0,Chuck Todd,1,2,1,1,"Moderator of @meetthepress and @nbcnews political director; Covering politics since '92; And, yes, I tweet about sports too."
361,0.701151432438,0.0851351962236,151366.0,Alex Burns,0,0,0,0,"Political reporter for @NYTimes, analyst for @CNN. I can‚Äôt watch any more of these German sitcoms."
362,1.223543483,-0.979270135609,6581.0,Alex Bolton,0,0,0,0,"Staff writer, The Hill"
363,-0.0403809652469,0.221370635843,175531.0,Ashley Parker,2,0,2,2,I remain skeptical about Twitter. Also: White House reporter for @washingtonpost. @MSNBC contributor. And @nytimes alum.
364,0.743829110086,-0.659844001392,9856.0,Rebecca Shabad,2,0,0,2,Congressional Reporter @NBCNews Digital. Native New Yorker. Third generation journalist. @syracuseu alumna. Rebecca.Shabad@nbcuni.com
365,0.831920349652,-0.826293472393,4462.0,Jonathan Easley,2,0,0,2,"National Political Reporter, The Hill"
366,-1.76274544573,0.0212676642533,428534.0,NYT Politics,1,2,1,1,"A fast-paced feed of news, analysis and dispatches from The New York Times political team. Sign up for the First Draft email: https://t.co/aKaal1tXi3"
367,-0.563867723964,0.55273564063,340581.0,Mark Halperin,2,2,2,2,"New York, New York"
368,0.666115571432,0.620915319686,111271.0,David Leonhardt,0,0,0,0,"Op-Ed columnist, The New York Times"
369,0.301033402995,0.0783871413741,19918.0,Abby Livingston,2,0,0,2,"DC buro chief @TexasTribune. Ex-Roll Call, CNNer, NBCer, soap opera intern. I ‚ù§Ô∏è Springsteen, Belinda Carlisle songs, tambourines, softball, Longhorns & America"
370,0.479851864615,-0.594724349659,9487.0,Patricia Zengerle,2,0,0,2,"Covering Congress for Reuters, focus on foreign policy. Lucky wife/parent. Lover of ducks. Ultimate. YNWA LGM"
371,-0.38782761847,0.243360762118,174285.0,Kelly O'Donnell,2,2,2,2,White House Correspondent @NBCNews Veteran of Cap Hill & campaigns. @NorthwesternU Instagram: @TheKellyO
372,-1.00631783704,-0.311385230192,4117.0,Lauren S. Camera,1,2,2,1,"Education reporter @usnews. EdWeek, Spencer Fellow, CQ Roll Call alum. I love that dirty water. Send me fun things and tips: lcamera@usnews.com"
373,0.158986634272,-0.447963917971,14942.0,Scott Wilson,2,0,0,2,Senior national correspondent/@washingtonpost covering California and the west. Fan of my family and #FCB Please send ideas: scott.wilson@washpost.com
374,0.36755077532,0.299175788761,21493.0,Alex Pappas,2,0,0,2,Reporter covering politics at https://t.co/hxI7atNdsh.
375,-1.75921879813,0.118894965118,8070.0,Marc Fortier,1,2,1,1,"Director of Integrated Media for @NBCBoston, @necn & @TelemundoBoston, past president of the New Hampshire Press Association."
376,-1.08093265071,-0.201965160455,11038.0,Ben Adler,1,2,2,1,Journalist. Senior editor at @CityAndStateNY. Formerly of @politico @newsweek @thenation @grist @ReutersOpinion
377,-1.12762430856,-0.0577383259531,10768.0,Alexander Mooney,1,2,2,1,Fmr. @CNN reporter/producer; current attorney @GibsonDunn https://t.co/OvQa0sK6wo
378,-0.383976679817,-0.125878237441,14231.0,Paul Steinhauser,2,2,2,2,NH's most versatile political reporter: @ConMonitorNews ;@seacoastonline; @JackHeathRadio; 'On Background' on @wkxlnh ; @NH1News; Former @CNN Political Editor
379,0.183725049039,-0.447908091232,11990.0,Sam Youngman,2,0,2,2,Diehard Kentucky basketball fan
380,0.861843052887,-0.0164862065349,25028.0,Alex Moe,0,0,0,0,NBC News Capitol Hill Producer; fmr. '12 Campaign Embed reporter. Terps & Skins fan! Links & retweets aren't endorsements. Opinions are my own.
381,0.581314948656,-0.352765075937,15622.0,Scott Conroy,2,0,0,2,Shadowboxing the Apocalypse
382,0.651465572533,-0.229627118364,15442.0,Jill Lawrence,2,0,0,2,"Commentary editor and columnist @USATODAY. Author of The Art of the Political Deal: How Congress Beat the Odds and Broke Through Gridlock. RT=hmm, interesting."
383,-0.0541923134483,-0.48660812415,4020.0,Jenna Sakwa,2,2,2,2,Director of Media Affairs for @SpeakerRyan
384,-0.49027376106,0.530713461665,132590.0,National Journal,2,2,2,2,"Distilling information to its essentials, helping government advocates work smarter and faster."
385,-0.450842691946,0.508672840015,257387.0,Luke Russert,2,2,2,2,Sometimes nothing can be a real cool hand. STA'04/BC'08
386,-0.533114657187,0.312867537502,101099.0,Mike Barnicle,2,2,2,2,Mike Barnicle is an award-winning print and broadcast journalist and a social and political commentator. Watch Mike Barnicle at http://t.co/TezGTdIXle
387,2.40050633684,1.1476099991,103079.0,Jennifer Jacobs,0,0,0,0,White House reporter for Bloomberg News. Email me at jjacobs68@bloomberg.net. üíïIowa.
388,2.11259416508,0.486045219316,110566.0,Jake Sherman,0,0,0,0,POLITICO. Co-author of Playbook. Phish/Grateful Dead fan. jake [at] politico dot com
389,-2.38470832968,0.172633968242,1583691.0,Chris Hayes,1,2,1,1,"Host of @allinwithchris on MSNBC, Weeknights at 8pm. Editor at Large at The Nation. Cubs fan. 
Insta: chrislhayes  
FB: https:https://t.co/s1OQXsgvxV"
390,1.79961421931,0.0421543807705,27795.0,Sean Sullivan,0,0,0,0,Congressional reporter for The Washington Post. Also an overly optimistic Seattle sports fan.
391,1.00960770932,0.625897473661,38808.0,David Chalian,0,0,0,0,Political Director @CNN
392,0.109642283819,1.05083188661,49736.0,Felicia Sonmez,0,0,0,2,Journalist. Previously @wsj / @afp / @washingtonpost. Email me at felicia.sonmez@gmail.com.
393,-1.98807311574,0.117744863669,13016.0,Peter Foster,1,2,1,1,"Peter Foster is the Europe Editor of the Daily Telegraph. He was formerly based in Washington DC, Beijing and New Delhi. Opinions my own."
394,-1.58893837464,0.686517081236,1698420.0,Jake Tapper,1,2,1,1,CNN Anchor of @TheLeadCNN and @CNNSOTU and Chief Washington Correspondent; author of the novel @TheHellfireClub to be published April 24
395,0.695004842206,0.267326384987,35399.0,Stuart Rothenberg,0,0,0,0,Fantasy baseball manager who does political handicapping in spare time.
396,-1.56608810878,-0.140021208733,9494.0,Ben Leubsdorf,1,2,1,1,"I'm an economics reporter at @WSJ. @ConMonitorNews, @AP, @the_herald alum. DC native. Information omnivore. Let's talk: ben.leubsdorf@wsj.com"
397,0.241743119171,0.504205168105,40538.0,Marc Caputo,2,0,2,2,Covering shady Florida for POLITICO & POLITICO Florida. Today's journalism goin' to war across the country with another organism ...
398,-0.0359810219731,-0.560112871656,5912.0,Sarah Huisenga,2,0,2,2,West Coast Supervising Producer for @CBSThisMorning based in LA | Fmr @CBSPolitics & @48Hours | @uiowa alum | Email: huisengas@cbsnews.com
399,-0.845647115558,0.280708002016,318040.0,Mark Knoller,1,2,2,1,CBS News White House Correspondent
400,-1.79836585712,-0.0514182117245,8067.0,Adam Beam,1,2,1,1,Kentucky statehouse reporter for The Associated Press. Former @thestate. Email: abeam@ap.org.
401,-2.7808284075,0.105729046875,2756641.0,Bill O'Reilly,1,2,1,1,Watch my daily @NoSpinNews analysis on https://t.co/MrYUtLQiwX. #1 in cable news for 15+ years. America‚Äôs bestselling historian. Loving father.
402,0.16525412663,0.575764354066,42552.0,James Pindell,2,0,2,2,Boston Globe political reporter James.Pindell[at]https://t.co/It2FT9NCpk
403,0.487485417153,-0.192246954882,15375.0,Meredith Shiner,2,0,0,2,"I'm not a facebooker, I just tweet a lot. #takes are lukewarm, mine and mine alone."
404,-0.462450157334,-0.499320957629,2577.0,Mackenzie Weinger,2,2,2,2,"@nationaljournal policy editor | @ucsantabarbara & @warstudies alum | formerly @politico & @ft | history, media & the Lakers"
405,0.926835519695,-0.793287655132,1910.0,Julie Sobel,0,0,0,2,Freelance writer. Jake and Talia's mom.
406,-0.165220006068,0.0784562098081,19899.0,Jay Newton-Small,2,0,2,2,Cofounder MemoryWell | TIME magazine contributor | Author of Broad Influence https://t.co/x5lzXmNtXU
407,-0.367630009073,-0.422763506576,8778.0,Glen Johnson,2,2,2,2,I worked most recently as a senior advisor to Secretary of State John Kerry. I am happy to be reconnected to Boston and my home in Massachusetts.
408,1.48416491565,-0.910143849634,5650.0,Rebecca Kaplan,0,0,0,0,"Capitol Hill producer @CBSNews, previously @CBSEveningNews, @CBSPolitics and @nationaljournal, CBS/NJ 2012 campaign embed. RTs do not equal endorsements."
409,1.6360821764,-1.24256488497,3456.0,Brooke Brower,0,0,0,0,@CNNPolitics Managing Editor
410,-1.82866420344,-0.0911230928947,8296.0,2016 Iowa Caucuses,1,2,1,1,Coverage of the first in the nation Iowa caucuses powered by @DMRegister.
411,-0.0560558858759,-0.565317397515,1856.0,Nikole Killion,2,2,2,2,"@HearstTV Correspondent üì∫
#NorthwesternWildcat üíú#LakerFan4Life üèÄ 
(Links & RTs aren‚Äôt endorsements. Opinions are my own.) 
Snap: nikolendc IG: nikolekillion"
412,1.28054334681,0.363595883038,34320.0,Jackie Kucinich,0,0,0,0,I'm Washington bureau chief for The Daily Beast. @CNN political analyst. Love my rescue dog. Ohio State fan. Go Bucks! All my tweets are my own (obvi).
413,0.248927037075,0.312473589299,298057.0,Ben Smith,2,0,0,2,BuzzFeed Editor-in-Chief. Beats working for a living. Email or gchat ben@buzzfeed.com. AIM benobserver. PGP: 3DB3 BF94 407C 26D0 789E D5F4 E71F F1F5 D826 3929
414,1.20747383789,1.35299249249,72173.0,Chad Pergram,0,0,0,0,Chad Pergram covers Congress for FOX News. He's won an Edward R. Murrow Award and the Joan Barone Award for his reporting on Capitol Hill.
415,-0.372495133715,-0.564579323126,3185.0,Kate Tummarello,2,2,2,2,"Policy analyst @EngineOrg, working on privacy, security, and Internet access issues. @EFF, @Politico, @thehill & @hamiltoncollege alum."
416,-0.298533846801,0.632248862124,87033.0,Jim Geraghty,2,2,0,2,"NR senior political correspondent by day, dad by day and night. Author. Podcaster. On CNN International a lot. #TJAMS"
417,0.750613497521,-0.597857984028,10838.0,Emily Schultheis,2,0,0,2,"2017-18 Robert Bosch fellow at @tagesspiegel in Berlin; interested in all things elections. Formerly @POLITICOEurope, @politico, @CBSNews, @nationaljournal"
418,-2.73095950201,0.110336980556,2824585.0,Christiane Amanpour,1,1,1,1,"@CNN Chief International Correspondent. Host of @CNNi and @PBS's nightly global affairs program.
Watch at https://t.co/BRbf0raeer & https://t.co/BtyLnzTl0v"
419,-1.14878773706,-0.225092565159,2674.0,Jon Resnick DJI,1,2,2,1,"Policy Lead in Washington for DJI. Working to educate, advocate, illuminate and demystify the amazing potential for sUAS.  Tweets are my own, not my employer's."
420,0.851133798451,0.188382943271,27482.0,jimrutenberg,0,0,0,0,"Media Columnist, NYT, and contributor to NYT Mag. (I don't use Twitter DM.)"
421,-1.0812816065,-0.314581567996,10244.0,jack healy,1,2,2,1,"Once in Baghdad, now Rocky Mountain correspondent for The New York Times. Total sucker for one adopted Iraqi kitten. Write: jack.healy@nytimes.com."
422,0.555529432779,-0.424472419523,17475.0,Steve Holland,2,0,0,2,Covering the White House and U.S. politics for Reuters steve.a.holland@thomsonreuters.com
423,-0.205242003386,-0.27116667809,14640.0,Pema Levy,2,0,2,2,"Reporter @MotherJones, considered by many the bottom rung of journalism in America"
424,0.894703732653,0.14776614876,148910.0,Nick Confessore,0,0,0,0,"Reporter for @NYTimes, writer-at-large for @NYTmag, MSNBC political analyst. Seriously, not literally."
425,-0.470798758775,-0.350059039865,7165.0,Drew Cline,2,2,2,2,"Writer. President, Josiah Bartlett Center for Public Policy. Teacher's aide. Camera enthusiast. Probably listening to music."
426,0.449924132301,-0.286257172955,13487.0,Ginger Gibson,2,0,0,2,Correspondent @Reuters. Proud grad of @LSU. Fan of the Houston @Astros. Email: ginger.gibson@tr.com How to connect securely: https://t.co/6CEG5oikWo
427,-0.92951187209,0.487513987191,192021.0,Norah O'Donnellüá∫üá∏,1,2,2,1,"Wife, mother of 3, Co-Host @cbsthismorning, #1 fan of @chefgeoffs. Tweet LOVE"
428,0.556036908558,-0.623813105858,7853.0,Sarah Mimms,2,0,0,2,DC Editor @buzzfeednews Hotline/NJ alum. Hoya. West Coaster. Bourbon drinker. Tips to sarah(.)mimms(@)buzzfeed(.)com RT/MT ‚â† endorsement blah blah...
429,-1.81027490196,-0.209951627205,2475.0,Ryan Murphy,1,2,1,1,reporter + designer + developer with @TexasTribune. probably thinking the text on your site is kinda hard to read. ‚ô¶
430,1.36942183191,-0.62695595409,15142.0,Lisa Lerer,0,0,0,0,Nieman fellow 2017-18. National Politics Reporter with The Associated Press. Travel points junkie. Ice cream expert. Views are my own. Email me: llerer@ap.org
431,0.680546381201,0.63392428212,208796.0,Zeke Miller,0,0,0,0,White House Reporter @AP. Email: zekejmiller@gmail.com Links&RTs‚â†Endorsements PGP: 7394 F325 15E1 39EF CAF9  C31A 7ED9 D84A A207 DDBF
